num_point,time_sort,time_convex,time_convex_pred,residual,,,
1,0,0,0,0,,T(n) = O(k*n*log(n)),
4,0,0,4.36E-06,4.36E-06,,k,5.45E-07
9,0,0,1.55E-05,1.55E-05,,sum sq,21.32449024
16,0,0.000500441,3.49E-05,3.49E-05,,,
25,0,0.000498056,6.32E-05,6.32E-05,,,
36,0.000499487,0,0.000101387,-0.0003981,,,
49,0,0.000499487,0.000149871,0.000149871,,,
64,0,0.000998735,0.000209182,0.000209182,,,
81,0.000500441,0.000998735,0.000279742,-0.000220699,,,
100,0.000501156,0.000998974,0.000361921,-0.000139235,,,
121,0,0.001498699,0.000456051,0.000456051,,,
144,0.000499487,0.001501083,0.000562433,6.29E-05,,,
169,0.001000643,0.001499891,0.00068134,-0.000319303,,,
196,0.000500202,0.00249958,0.000813023,0.000312821,,,
225,0.001000166,0.002498865,0.000957717,-4.24E-05,,,
256,0.000998497,0.002502918,0.001115639,0.000117142,,,
289,0.00150156,0.002998114,0.00128699,-0.00021457,,,
324,0.001499653,0.003498316,0.001471963,-2.77E-05,,,
361,0.001499414,0.004000187,0.001670736,0.000171322,,,
400,0.001498461,0.004499435,0.001883481,0.00038502,,,
441,0.00199914,0.004500389,0.002110357,0.000111217,,,
484,0.001998901,0.004999876,0.002351519,0.000352618,,,
529,0.002501488,0.005497932,0.002607113,0.000105625,,,
576,0.002501488,0.006000042,0.002877279,0.000375791,,,
625,0.002999306,0.006500721,0.00316215,0.000162844,,,
676,0.002997637,0.00750041,0.003461855,0.000464218,,,
729,0.003002882,0.00799942,0.003776517,0.000773635,,,
784,0.003497839,0.008500099,0.004106255,0.000608416,,,
841,0.003499031,0.008499861,0.004451183,0.000952152,,,
900,0.00399971,0.008999109,0.004811412,0.000811702,,,
961,0.003997564,0.010001659,0.005187048,0.001189484,,,
1024,0.005000114,0.010501623,0.005578194,0.00057808,,,
1089,0.005500078,0.011499166,0.00598495,0.000484872,,,
1156,0.005001068,0.011999607,0.006407413,0.001406345,,,
1225,0.005497694,0.01250267,0.006845677,0.001347983,,,
1296,0.006499052,0.013502359,0.007299832,0.00080078,,,
1369,0.006498337,0.015002012,0.007769968,0.001271631,,,
1444,0.007500887,0.0154984,0.008256171,0.000755284,,,
1521,0.008499861,0.016000271,0.008758524,0.000258663,,,
1600,0.008500099,0.016503096,0.009277108,0.000777009,,,
1681,0.008499861,0.017501116,0.009812005,0.001312144,,,
1764,0.009500027,0.018999815,0.010363291,0.000863264,,,
1849,0.009500027,0.020001173,0.010931041,0.001431014,,,
1936,0.011000395,0.01950264,0.011515331,0.000514936,,,
2025,0.010000467,0.02099967,0.012116232,0.002115765,,,
2116,0.01300025,0.021500349,0.012733815,-0.000266435,,,
2209,0.012500048,0.022500038,0.013368149,0.000868101,,,
2304,0.014001846,0.024998665,0.014019302,1.75E-05,,,
2401,0.012498617,0.024500132,0.014687339,0.002188722,,,
2500,0.012999535,0.025500774,0.015372326,0.002372791,,,
2601,0.015000105,0.027999401,0.016074327,0.001074222,,,
2704,0.015000582,0.028499603,0.016793402,0.00179282,,,
2809,0.015999317,0.029999971,0.017529614,0.001530297,,,
2916,0.017498016,0.031499863,0.018283023,0.000785007,,,
3025,0.015499115,0.031501532,0.019053687,0.003554572,,,
3136,0.017500877,0.033007383,0.019841663,0.002340786,,,
3249,0.017499685,0.03400135,0.020647009,0.003147324,,,
3364,0.02050209,0.035997629,0.02146978,0.00096769,,,
3481,0.019500494,0.036999226,0.022310031,0.002809537,,,
3600,0.021499634,0.03799963,0.023167815,0.001668181,,,
3721,0.022501469,0.03999877,0.024043186,0.001541717,,,
3844,0.023998499,0.039499521,0.024936194,0.000937695,,,
3969,0.02449894,0.041498899,0.025846893,0.001347953,,,
4096,0.022498608,0.042499781,0.026775331,0.004276723,,,
4225,0.02399826,0.044504166,0.027721558,0.003723298,,,
4356,0.024999619,0.044499874,0.028685623,0.003686004,,,
4489,0.02699995,0.045999765,0.029667575,0.002667625,,,
4624,0.025999546,0.046998978,0.030667459,0.004667913,,,
4761,0.026501894,0.049500465,0.031685324,0.00518343,,,
4900,0.029500961,0.050999403,0.032721214,0.003220253,,,
5041,0.029499292,0.051999807,0.033775175,0.004275883,,,
5184,0.034000397,0.053998232,0.034847251,0.000846854,,,
5329,0.032001734,0.056497812,0.035937487,0.003935753,,,
5476,0.036498785,0.05850029,0.037045926,0.000547141,,,
5625,0.035497665,0.061000586,0.038172611,0.002674946,,,
5776,0.035498381,0.063500166,0.039317583,0.003819202,,,
5929,0.035999537,0.064000845,0.040480885,0.004481348,,,
6084,0.041500807,0.064999819,0.041662558,0.000161751,,,
6241,0.037499666,0.065500259,0.042862641,0.005362975,,,
6400,0.039003134,0.066500187,0.044081176,0.005078042,,,
6561,0.041001797,0.071998835,0.045318202,0.004316405,,,
6724,0.042002201,0.070997477,0.046573757,0.004571556,,,
6889,0.044500113,0.070999861,0.047847881,0.003347768,,,
7056,0.043498516,0.073999882,0.049140611,0.005642095,,,
7225,0.046001434,0.075497866,0.050451985,0.004450551,,,
7396,0.046499014,0.078000069,0.051782041,0.005283027,,,
7569,0.052499771,0.083997965,0.053130815,0.000631044,,,
7744,0.050499439,0.081999779,0.054498343,0.003998904,,,
7921,0.051498413,0.082500696,0.055884661,0.004386248,,,
8100,0.054002047,0.086998463,0.057289806,0.003287759,,,
8281,0.051499605,0.08550334,0.058713811,0.007214206,,,
8464,0.053500175,0.086999416,0.060156712,0.006656537,,,
8649,0.052999496,0.088500023,0.061618544,0.008619048,,,
8836,0.0589993,0.092000008,0.063099339,0.004100039,,,
9025,0.063998699,0.093500376,0.064599132,0.000600433,,,
9216,0.063999891,0.0989995,0.066117956,0.002118065,,,
9409,0.06150198,0.096998215,0.067655844,0.006153864,,,
9604,0.063499212,0.104001045,0.069212828,0.005713616,,,
9801,0.06300354,0.101499081,0.070788942,0.007785402,,,
10000,0.069500685,0.104498863,0.072384215,0.00288353,,,
10201,0.067501068,0.106501341,0.073998681,0.006497613,,,
10404,0.07500124,0.112499714,0.075632371,0.000631131,,,
10609,0.067500353,0.110000134,0.077285315,0.009784962,,,
10816,0.070997953,0.116000891,0.078957544,0.007959591,,,
11025,0.073498487,0.119001389,0.080649088,0.007150601,,,
11236,0.071002007,0.116997004,0.082359979,0.011357972,,,
11449,0.0779984,0.122498989,0.084090244,0.006091844,,,
11664,0.076499939,0.128002405,0.085839915,0.009339976,,,
11881,0.075999022,0.122999907,0.08760902,0.011609998,,,
12100,0.08900094,0.133000851,0.089397588,0.000396648,,,
12321,0.085499763,0.128501177,0.091205647,0.005705884,,,
12544,0.082497597,0.13100028,0.093033227,0.01053563,,,
12769,0.092000484,0.132500648,0.094880356,0.002879872,,,
12996,0.091999769,0.138000727,0.096747061,0.004747292,,,
13225,0.093500137,0.142999411,0.09863337,0.005133233,,,
13456,0.08700037,0.13899827,0.100539311,0.013538941,,,
13689,0.096000433,0.142498016,0.10246491,0.006464477,,,
13924,0.093999386,0.150999546,0.104410195,0.010410809,,,
14161,0.089999437,0.147500515,0.106375193,0.016375756,,,
14400,0.101000786,0.15049839,0.10835993,0.007359144,,,
14641,0.095499277,0.152000666,0.110364432,0.014865155,,,
14884,0.104999304,0.160000086,0.112388726,0.007389422,,,
15129,0.102998972,0.156501055,0.114432837,0.011433865,,,
15376,0.105000257,0.157999992,0.116496791,0.011496534,,,
15625,0.103500366,0.161000967,0.118580614,0.015080248,,,
15876,0.110500336,0.162499428,0.12068433,0.010183994,,,
16129,0.10550046,0.165499687,0.122807965,0.017307505,,,
16384,0.118999481,0.169500113,0.124951544,0.005952063,,,
16641,0.122001886,0.173998117,0.127115091,0.005113205,,,
16900,0.122999907,0.173998833,0.12929863,0.006298723,,,
17161,0.119498014,0.176500082,0.131502187,0.012004173,,,
17424,0.126001835,0.183997631,0.133725785,0.00772395,,,
17689,0.117002249,0.181497335,0.135969448,0.018967199,,,
17956,0.118500948,0.186501503,0.138233199,0.019732251,,,
18225,0.131498575,0.195500851,0.140517063,0.009018488,,,
18496,0.128497362,0.192499876,0.142821062,0.0143237,,,
18769,0.124498844,0.194000244,0.145145221,0.020646377,,,
19044,0.133500814,0.196000814,0.147489561,0.013988747,,,
19321,0.130001068,0.19949913,0.149854106,0.019853038,,,
19600,0.1474967,0.201501608,0.152238878,0.004742178,,,
19881,0.151499987,0.213999748,0.1546439,0.003143913,,,
20164,0.137498856,0.20699954,0.157069195,0.019570339,,,
20449,0.147499084,0.22149992,0.159514784,0.0120157,,,
20736,0.144499302,0.219499826,0.16198069,0.017481388,,,
21025,0.150002241,0.21849823,0.164466934,0.014464693,,,
21316,0.161998034,0.226001978,0.166973539,0.004975505,,,
21609,0.160999775,0.23099947,0.169500526,0.008500751,,,
21904,0.173499346,0.238001108,0.172047915,-0.001451431,,,
22201,0.152499437,0.229500532,0.17461573,0.022116293,,,
22500,0.153501511,0.231498241,0.17720399,0.023702479,,,
22801,0.172997475,0.23549962,0.179812718,0.006815243,,,
23104,0.171999931,0.244500637,0.182441933,0.010442002,,,
23409,0.166000128,0.241000652,0.185091656,0.019091528,,,
23716,0.170498133,0.246000528,0.187761909,0.017263776,,,
24025,0.169999838,0.256500483,0.190452711,0.020452873,,,
24336,0.169999123,0.253500462,0.193164083,0.02316496,,,
24649,0.185499668,0.256499767,0.195896046,0.010396378,,,
24964,0.182999372,0.261000633,0.198648618,0.015649246,,,
25281,0.189998388,0.263500452,0.201421821,0.011423433,,,
25600,0.189500093,0.271000147,0.204215674,0.014715581,,,
25921,0.181998014,0.269999743,0.207030197,0.025032183,,,
26244,0.197999716,0.277001143,0.209865409,0.011865693,,,
26569,0.186502457,0.275997639,0.212721329,0.026218872,,,
26896,0.207502365,0.278498173,0.215597978,0.008095613,,,
27225,0.195999861,0.282000303,0.218495374,0.022495513,,,
27556,0.199000597,0.28550148,0.221413537,0.02241294,,,
27889,0.199001551,0.290498018,0.224352485,0.025350934,,,
28224,0.217000008,0.29150033,0.227312238,0.01031223,,,
28561,0.208000422,0.293999434,0.230292814,0.022292392,,,
28900,0.212499619,0.297501326,0.233294231,0.020794612,,,
29241,0.226500034,0.312500477,0.236316509,0.009816475,,,
29584,0.201500177,0.305499554,0.239359666,0.037859489,,,
29929,0.210499525,0.306998491,0.242423719,0.031924194,,,
30276,0.228000641,0.31049943,0.245508688,0.017508047,,,
30625,0.230000734,0.316998959,0.248614591,0.018613857,,,
30976,0.243998766,0.318499565,0.251741445,0.007742679,,,
31329,0.236499786,0.322999954,0.254889268,0.018389482,,,
31684,0.22949934,0.32399869,0.258058078,0.028558738,,,
32041,0.242499828,0.327998877,0.261247894,0.018748066,,,
32400,0.248002052,0.337998152,0.264458731,0.016456679,,,
32761,0.246501207,0.333500624,0.267690609,0.021189402,,,
33124,0.248501301,0.337999344,0.270943545,0.022442244,,,
33489,0.256000042,0.342498779,0.274217555,0.018217513,,,
33856,0.260501862,0.348998785,0.277512657,0.017010795,,,
34225,0.245001316,0.353998423,0.280828868,0.035827552,,,
34596,0.271499634,0.355998039,0.284166205,0.012666571,,,
34969,0.256999969,0.357999563,0.287524685,0.030524716,,,
35344,0.250499725,0.366998672,0.290904326,0.040404601,,,
35721,0.264000654,0.378999949,0.294305143,0.030304489,,,
36100,0.269499302,0.369501829,0.297727153,0.028227851,,,
36481,0.289000988,0.377000093,0.301170374,0.012169386,,,
36864,0.283999681,0.384501457,0.30463482,0.020635139,,,
37249,0.261999846,0.382000923,0.30812051,0.046120664,,,
37636,0.265000582,0.388001204,0.311627459,0.046626877,,,
38025,0.286499023,0.395503044,0.315155684,0.028656661,,,
38416,0.288998365,0.396499634,0.3187052,0.029706835,,,
38809,0.291998625,0.399499655,0.322276024,0.030277399,,,
39204,0.289000511,0.40899992,0.325868171,0.03686766,,,
39601,0.334998846,0.411499977,0.329481658,-0.005517188,,,
40000,0.289000988,0.415499926,0.333116501,0.044115513,,,
40401,0.311999798,0.420000076,0.336772715,0.024772917,,,
40804,0.297500134,0.421501875,0.340450316,0.042950182,,,
41209,0.303998709,0.42650032,0.344149319,0.04015061,,,
41616,0.311999559,0.433500051,0.347869741,0.035870182,,,
42025,0.335498571,0.432500601,0.351611595,0.016113024,,,
42436,0.323998213,0.44149971,0.355374899,0.031376686,,,
42849,0.317999601,0.441999435,0.359159667,0.041160066,,,
43264,0.344500303,0.458999634,0.362965914,0.018465611,,,
43681,0.33700037,0.4529984,0.366793656,0.029793286,,,
44100,0.349000692,0.45650053,0.370642907,0.021642215,,,
44521,0.346999645,0.461500883,0.374513683,0.027514038,,,
44944,0.330999851,0.471500874,0.378405998,0.047406147,,,
45369,0.336497784,0.478999853,0.382319868,0.045822084,,,
45796,0.356999397,0.476000786,0.386255307,0.02925591,,,
46225,0.360000372,0.478499889,0.39021233,0.030211958,,,
46656,0.374999762,0.486998081,0.394190952,0.01919119,,,
47089,0.384000778,0.494998455,0.398191187,0.014190409,,,
47524,0.389499903,0.496999979,0.402213049,0.012713146,,,
47961,0.402499914,0.50100112,0.406256554,0.00375664,,,
48400,0.414500713,0.508999586,0.410321715,-0.004178998,,,
48841,0.410999537,0.510999441,0.414408547,0.00340901,,,
49284,0.38749814,0.518999815,0.418517064,0.031018924,,,
49729,0.39000082,0.515999556,0.42264728,0.03264646,,,
50176,0.387501478,0.521498919,0.42679921,0.039297732,,,
50625,0.422002316,0.535498619,0.430972867,0.008970551,,,
51076,0.398999929,0.531002998,0.435168266,0.036168337,,,
51529,0.406502008,0.535498142,0.43938542,0.032883412,,,
51984,0.386500835,0.54399991,0.443624343,0.057123508,,,
52441,0.427999735,0.544000387,0.44788505,0.019885315,,,
52900,0.397500992,0.545997381,0.452167554,0.054666562,,,
53361,0.404001474,0.553999662,0.456471868,0.052470394,,,
53824,0.428001642,0.558997869,0.460798006,0.032796364,,,
54289,0.414500952,0.564001083,0.465145982,0.05064503,,,
54756,0.432998896,0.566500664,0.46951581,0.036516914,,,
55225,0.463001013,0.568999767,0.473907502,0.010906489,,,
55696,0.4339993,0.572500229,0.478321072,0.044321772,,,
56169,0.471500874,0.580999374,0.482756534,0.01125566,,,
56644,0.441000223,0.588499308,0.487213901,0.046213678,,,
57121,0.421500206,0.591501474,0.491693186,0.07019298,,,
57600,0.428501844,0.596500397,0.496194402,0.067692558,,,
58081,0.455500603,0.599998713,0.500717563,0.04521696,,,
58564,0.453001261,0.604498148,0.50526268,0.052261419,,,
59049,0.465000153,0.61049962,0.509829769,0.044829616,,,
59536,0.461500406,0.616500378,0.514418841,0.052918435,,,
60025,0.468997955,0.619501591,0.519029909,0.050031954,,,
60516,0.493999004,0.62549901,0.523662986,0.029663982,,,
61009,0.449499607,0.628000736,0.528318086,0.078818479,,,
61504,0.498501778,0.635497808,0.53299522,0.034493442,,,
62001,0.472999573,0.639999866,0.537694401,0.064694828,,,
62500,0.554999113,0.642500162,0.542415643,-0.01258347,,,
63001,0.473498821,0.651000977,0.547158958,0.073660137,,,
63504,0.532499075,0.653499365,0.551924357,0.019425282,,,
64009,0.500499964,0.656499863,0.556711855,0.056211891,,,
64516,0.523001909,0.659998178,0.561521462,0.038519553,,,
65025,0.491499186,0.670998573,0.566353193,0.074854007,,,
65536,0.538999557,0.667999983,0.571207058,0.032207501,,,
66049,0.518498898,0.679999828,0.57608307,0.057584172,,,
66564,0.516499519,0.683001757,0.580981242,0.064481723,,,
67081,0.540500402,0.692499876,0.585901586,0.045401184,,,
67600,0.536999702,0.698500156,0.590844113,0.053844411,,,
68121,0.522999763,0.702502251,0.595808837,0.072809074,,,
68644,0.53550148,0.70699954,0.600795769,0.065294289,,,
69169,0.529998779,0.718000412,0.60580492,0.075806141,,,
69696,0.573000193,0.716998816,0.610836304,0.037836111,,,
70225,0.598498821,0.724001408,0.615889932,0.017391111,,,
70756,0.553499937,0.728000402,0.620965816,0.067465879,,,
71289,0.548999071,0.736000061,0.626063967,0.077064896,,,
71824,0.613000154,0.738500118,0.631184398,0.018184244,,,
72361,0.567499638,0.747503042,0.63632712,0.068827482,,,
72900,0.603500128,0.749001503,0.641492145,0.037992017,,,
73441,0.588997841,0.761000156,0.646679485,0.057681644,,,
73984,0.594000101,0.762499571,0.651889151,0.05788905,,,
74529,0.591001034,0.770998716,0.657121155,0.066120121,,,
75076,0.608497381,0.774501801,0.662375508,0.053878127,,,
75625,0.596502066,0.781497955,0.667652223,0.071150157,,,
76176,0.620499849,0.786500454,0.672951309,0.05245146,,,
76729,0.651500225,0.792999744,0.678272779,0.026772554,,,
77284,0.613499403,0.801001787,0.683616645,0.070117242,,,
77841,0.630499363,0.809500217,0.688982916,0.058483553,,,
78400,0.627000093,0.813500166,0.694371606,0.067371513,,,
78961,0.624498844,0.82049942,0.699782724,0.07528388,,,
79524,0.628498554,0.833501339,0.705216283,0.076717729,,,
80089,0.657001257,0.83249855,0.710672293,0.053671036,,,
80656,0.625498295,0.835499763,0.716150765,0.09065247,,,
81225,0.712999582,0.848002672,0.721651711,0.008652129,,,
81796,0.659500599,0.845999718,0.727175142,0.067674543,,,
82369,0.646999598,0.854999542,0.732721068,0.08572147,,,
82944,0.685999393,0.873500347,0.738289501,0.052290108,,,
83521,0.693497658,0.873002052,0.743880451,0.050382793,,,
84100,0.736500502,0.875499487,0.74949393,0.012993428,,,
84681,0.68849802,0.880002022,0.755129948,0.066631928,,,
85264,0.665500164,0.910002232,0.760788516,0.095288352,,,
85849,0.719998837,0.891499281,0.766469645,0.046470808,,,
86436,0.696997404,0.927002192,0.772173346,0.075175942,,,
87025,0.690001249,0.911499977,0.777899629,0.08789838,,,
87616,0.690999746,0.935999632,0.783648505,0.092648759,,,
88209,0.736999512,0.918999434,0.789419985,0.052420473,,,
88804,0.714998007,0.935499191,0.795214079,0.080216072,,,
89401,0.743499517,0.932502031,0.801030798,0.057531281,,,
90000,0.747000217,0.942500353,0.806870152,0.059869935,,,
90601,0.741499186,0.94350028,0.812732152,0.071232966,,,
91204,0.732000351,0.946498394,0.818616808,0.086616457,,,
91809,0.751500368,0.958000422,0.824524131,0.073023763,,,
92416,0.729499817,0.962501049,0.830454131,0.100954314,,,
93025,0.763499737,0.975498676,0.836406819,0.072907082,,,
93636,0.737502098,0.981497288,0.842382205,0.104880107,,,
94249,0.788998604,0.975000858,0.848380298,0.059381694,,,
94864,0.801999807,0.996000051,0.85440111,0.052401303,,,
95481,0.79150033,0.994000196,0.860444651,0.068944321,,,
96100,0.829000711,1.032499552,0.86651093,0.037510219,,,
96721,0.80299902,1.007999897,0.872599958,0.069600938,,,
97344,0.80799818,1.023002386,0.878711746,0.070713566,,,
97969,0.858999014,1.018498898,0.884846302,0.025847288,,,
98596,0.794498205,1.049000502,0.891003638,0.096505433,,,
99225,0.830998182,1.034499407,0.897183763,0.066185581,,,
99856,0.822502136,1.047499895,0.903386687,0.080884551,,,
100489,0.836499691,1.046000004,0.90961242,0.073112729,,,
101124,0.84349966,1.074500799,0.915860973,0.072361313,,,
101761,0.826500416,1.063500404,0.922132354,0.095631938,,,
102400,0.841499567,1.06700182,0.928426575,0.086927008,,,
103041,0.847999811,1.07199955,0.934743644,0.086743833,,,
103684,0.875501871,1.076998472,0.941083571,0.0655817,,,
104329,0.895499229,1.086000919,0.947446367,0.051947138,,,
104976,0.868500471,1.097000122,0.953832041,0.08533157,,,
105625,0.909501314,1.095998049,0.960240603,0.050739289,,,
106276,0.863998413,1.107499599,0.966672063,0.10267365,,,
106929,0.874999046,1.11199975,0.973126429,0.098127383,,,
107584,0.955999613,1.11550045,0.979603712,0.023604099,,,
108241,0.928999424,1.126999378,0.986103922,0.057104498,,,
108900,0.902500391,1.131000519,0.992627068,0.090126677,,,
109561,0.947499514,1.135502338,0.999173159,0.051673645,,,
110224,0.953999758,1.14800024,1.005742205,0.051742447,,,
110889,0.891999483,1.151001453,1.012334215,0.120334732,,,
111556,0.932499886,1.159501553,1.0189492,0.086449314,,,
112225,0.897501469,1.165499449,1.025587167,0.128085698,,,
112896,0.991500378,1.175499201,1.032248128,0.04074775,,,
113569,0.945000887,1.19599843,1.03893209,0.093931203,,,
114244,1.180002213,1.213997841,1.045639064,-0.134363149,,,
114921,1.008496523,1.211997747,1.052369059,0.043872536,,,
115600,0.986998558,1.21399951,1.059122084,0.072123526,,,
116281,1.030999899,1.222500801,1.065898148,0.034898249,,,
116964,0.990001917,1.228498697,1.072697261,0.082695344,,,
117649,1.024500847,1.239498854,1.079519432,0.055018585,,,
118336,1.006999731,1.240500212,1.086364669,0.079364938,,,
119025,1.032000542,1.254500866,1.093232983,0.061232441,,,
119716,1.06099987,1.255500793,1.100124381,0.039124511,,,
120409,1.051998377,1.268001318,1.107038874,0.055040497,,,
121104,1.009499788,1.288500071,1.113976471,0.104476683,,,
121801,1.07949996,1.268504858,1.12093718,0.04143722,,,
122500,1.034497499,1.275998592,1.12792101,0.093423511,,,
123201,1.020503283,1.284995794,1.134927971,0.114424688,,,
123904,1.091501236,1.294998884,1.141958071,0.050456835,,,
124609,1.060504436,1.299997568,1.14901132,0.088506884,,,
125316,1.11349988,1.307499647,1.156087725,0.042587845,,,
126025,1.053998709,1.31450057,1.163187297,0.109188588,,,
126736,1.116999865,1.322500467,1.170310045,0.05331018,,,
127449,1.1235044,1.326497316,1.177455975,0.053951575,,,
128164,1.114499331,1.337498903,1.184625099,0.070125768,,,
128881,1.112499475,1.346000433,1.191817424,0.079317949,,,
129600,1.123500109,1.351001024,1.199032959,0.07553285,,,
130321,1.119502544,1.359997511,1.206271714,0.08676917,,,
131044,1.141497135,1.360499859,1.213533696,0.072036561,,,
131769,1.08949995,1.371010303,1.220818914,0.131318964,,,
132496,1.174992085,1.379999876,1.228127378,0.053135293,,,
133225,1.188499451,1.389999151,1.235459095,0.046959644,,,
133956,1.190998554,1.392499685,1.242814075,0.051815521,,,
134689,1.164999723,1.404001951,1.250192326,0.085192603,,,
135424,1.157000065,1.407000303,1.257593856,0.100593791,,,
136161,1.143498182,1.415501833,1.265018674,0.121520492,,,
136900,1.203499556,1.43700099,1.272466789,0.068967233,,,
137641,1.213500738,1.43050313,1.279938209,0.066437471,,,
138384,1.197492599,1.446499348,1.287432943,0.089940344,,,
139129,1.189499617,1.45200038,1.294950998,0.105451381,,,
139876,1.231501102,1.458500147,1.302492385,0.070991283,,,
140625,1.281499624,1.463998556,1.31005711,0.028557486,,,
141376,1.278499126,1.473999262,1.317645183,0.039146057,,,
142129,1.242001295,1.486500263,1.325256611,0.083255316,,,
142884,1.250501156,1.490497589,1.332891403,0.082390247,,,
143641,1.253499985,1.502000093,1.340549568,0.087049583,,,
144400,1.311499834,1.509001493,1.348231113,0.036731279,,,
145161,1.276000738,1.509502411,1.355936047,0.079935309,,,
145924,1.281498671,1.522999763,1.363664379,0.082165708,,,
146689,1.282499552,1.530001879,1.371416116,0.088916564,,,
147456,1.289000273,1.537998676,1.379191267,0.090190994,,,
148225,1.445499182,1.547501564,1.386989839,-0.058509343,,,
148996,1.375999451,1.560501337,1.394811842,0.018812391,,,
149769,1.308999777,1.565000057,1.402657283,0.093657506,,,
150544,1.357998371,1.578999758,1.41052617,0.052527799,,,
151321,1.309000015,1.590001345,1.418418512,0.109418497,,,
152100,1.323999166,1.598000765,1.426334316,0.10233515,,,
152881,1.330999136,1.598500252,1.434273591,0.103274455,,,
153664,1.37199831,1.612001657,1.442236345,0.070238035,,,
154449,1.343500376,1.612999678,1.450222585,0.106722209,,,
155236,1.340998411,1.621999979,1.45823232,0.117233909,,,
156025,1.391498804,1.631000757,1.466265557,0.074766753,,,
156816,1.415992975,1.640498638,1.474322306,0.058329331,,,
157609,1.375999689,1.646999836,1.482402573,0.106402884,,,
158404,1.46000123,1.668500423,1.490506366,0.030505136,,,
159201,1.405506134,1.660493374,1.498633694,0.09312756,,,
160000,1.383998632,1.684000254,1.506784565,0.122785933,,,
160801,1.41400075,1.684009314,1.514958985,0.100958235,,,
161604,1.423496485,1.72749877,1.523156964,0.099660479,,,
162409,1.421501875,1.694998264,1.531378508,0.109876633,,,
163216,1.438997269,1.719000101,1.539623627,0.100626358,,,
164025,1.506994963,1.720000744,1.547892326,0.040897363,,,
164836,1.519000053,1.730001688,1.556184615,0.037184562,,,
165649,1.447495461,1.735001564,1.564500501,0.11700504,,,
166464,1.421500444,1.760499954,1.572839992,0.151339548,,,
167281,1.529500723,1.760499954,1.581203095,0.051702372,,,
168100,1.461496592,1.78099823,1.589589819,0.128093227,,,
168921,1.458500385,1.768501043,1.59800017,0.139499785,,,
169744,1.488500357,1.786499023,1.606434156,0.117933799,,,
170569,1.459498882,1.791501045,1.614891786,0.155392904,,,
171396,1.525498867,1.802008629,1.623373067,0.0978742,,,
172225,1.709000349,1.808498859,1.631878006,-0.077122343,,,
173056,1.573499918,1.845000267,1.640406611,0.066906693,,,
173889,1.612502098,1.850002289,1.648958889,0.036456791,,,
174724,1.582995653,1.829500437,1.657534849,0.074539196,,,
175561,1.620499611,1.84250474,1.666134497,0.045634886,,,
176400,1.721499205,1.853999376,1.674757841,-0.046741364,,,
177241,1.590999603,1.875500441,1.683404889,0.092405286,,,
178084,1.568007708,1.870493412,1.692075647,0.124067939,,,
178929,1.60599947,1.887499809,1.700770125,0.094770655,,,
179776,1.659999847,1.942502022,1.709488328,0.049488481,,,
180625,1.54648447,1.889998913,1.718230265,0.171745795,,,
181476,1.65150094,1.89849925,1.726995942,0.075495002,,,
182329,1.627999306,1.913500786,1.735785368,0.107786062,,,
183184,1.628000021,1.941500187,1.744598549,0.116598528,,,
184041,1.718498468,1.92050004,1.753435493,0.034937025,,,
184900,1.727999926,1.92800045,1.762296208,0.034296282,,,
185761,1.685501814,1.933998346,1.7711807,0.085678886,,,
186624,1.640000343,1.942002296,1.780088977,0.140088634,,,
187489,1.651000023,1.955000401,1.789021045,0.138021022,,,
188356,1.63849926,2.032000303,1.797976914,0.159477654,,,
189225,1.688499689,1.96600008,1.806956589,0.1184569,,,
190096,1.740499735,1.98800087,1.815960078,0.075460343,,,
190969,1.8089993,1.99000001,1.824987388,0.015988088,,,
191844,1.708999872,1.997500181,1.834038526,0.125038654,,,
192721,1.717002392,2.007995844,1.8431135,0.126111108,,,
193600,1.749998808,2.023000002,1.852212317,0.102213509,,,
194481,1.816499233,2.019500256,1.861334983,0.04483575,,,
195364,1.71249938,2.045000792,1.870481507,0.157982127,,,
196249,1.875999212,2.057500124,1.879651894,0.003652682,,,
197136,1.758500576,2.1025002,1.888846153,0.130345577,,,
198025,1.793498993,2.062999725,1.89806429,0.104565297,,,
198916,1.871498823,2.090002298,1.907306312,0.035807489,,,
199809,1.884501696,2.104000807,1.916572227,0.032070531,,,
200704,1.974998951,2.094501019,1.925862041,-0.04913691,,,
201601,1.851001024,2.11399889,1.935175762,0.084174738,,,
202500,1.843998909,2.128000021,1.944513396,0.100514487,,,
203401,1.811001301,2.152498245,1.953874951,0.14287365,,,
204304,1.841999292,2.158000946,1.963260433,0.121261141,,,
205209,1.826998234,2.179501295,1.972669849,0.145671615,,,
206116,1.958499908,2.164500237,1.982103207,0.023603299,,,
207025,1.8974998,2.201000452,1.991560513,0.094060713,,,
207936,1.911501646,2.200500011,2.001041775,0.089540129,,,
208849,1.873999119,2.196001053,2.010546998,0.136547879,,,
209764,1.932501554,2.194498301,2.020076191,0.087574637,,,
210681,2.006998777,2.19849968,2.029629359,0.022630582,,,
211600,1.934502363,2.2099967,2.03920651,0.104704147,,,
212521,1.949498892,2.21950078,2.048807651,0.099308759,,,
213444,1.99900198,2.243998528,2.058432788,0.059430808,,,
214369,1.866499901,2.239500284,2.068081928,0.201582027,,,
215296,2.034999371,2.253501415,2.077755079,0.042755708,,,
216225,2.15399909,2.253501654,2.087452246,-0.066546844,,,
217156,1.954999924,2.271000385,2.097173436,0.142173512,,,
218089,2.076501131,2.26999712,2.106918657,0.030417526,,,
219024,2.056499958,2.293999672,2.116687915,0.060187957,,,
219961,1.97199893,2.289499283,2.126481217,0.154482287,,,
220900,2.112001657,2.299998283,2.136298569,0.024296912,,,
221841,1.992000341,2.31449914,2.146139979,0.154139638,,,
222784,2.18949914,2.320500612,2.156005452,-0.033493688,,,
223729,2.038498878,2.334501505,2.165894996,0.127396118,,,
224676,2.159999847,2.34750104,2.175808617,0.01580877,,,
225625,2.129998684,2.344999552,2.185746322,0.055747638,,,
226576,2.105500221,2.355500698,2.195708117,0.090207896,,,
227529,2.137001753,2.37299943,2.205694009,0.068692256,,,
228484,2.194001198,2.373498201,2.215704005,0.021702807,,,
229441,2.155999184,2.385000229,2.225738112,0.069738928,,,
230400,2.226000071,2.397998571,2.235796335,0.009796264,,,
231361,2.172999144,2.409000874,2.245878681,0.072879537,,,
232324,2.281003952,2.433495283,2.255985157,-0.025018795,,,
233289,2.163500071,2.445001125,2.26611577,0.102615699,,,
234256,2.230500698,2.469497919,2.276270526,0.045769828,,,
235225,2.283499956,2.474500895,2.286449431,0.002949475,,,
236196,2.265496254,2.491999149,2.296652492,0.031156238,,,
237169,2.201000214,2.499008179,2.306879716,0.105879502,,,
238144,2.236492395,2.493499756,2.317131108,0.080638713,,,
239121,2.159000635,2.50549984,2.327406676,0.168406041,,,
240100,2.398999214,2.494997501,2.337706425,-0.061292789,,,
241081,2.196500063,2.510500669,2.348030363,0.1515303,,,
242064,2.195497513,2.527000189,2.358378495,0.162880982,,,
243049,2.323500395,2.534500837,2.368750828,0.045250433,,,
244036,2.302999735,2.540500402,2.379147369,0.076147634,,,
245025,2.422498226,2.545001984,2.389568123,-0.032930103,,,
246016,2.497499228,2.554000139,2.400013097,-0.097486131,,,
247009,2.26700139,2.568998098,2.410482298,0.143480908,,,
248004,2.316499233,2.577500105,2.420975732,0.104476499,,,
249001,2.310999393,2.587001324,2.431493405,0.120494012,,,
250000,2.638002872,2.598997116,2.442035323,-0.195967549,,,
251001,2.334999561,2.606002092,2.452601493,0.117601932,,,
252004,2.333499432,2.618000269,2.46319192,0.129692488,,,
253009,2.328500509,2.625497818,2.473806612,0.145306103,,,
254016,2.306999922,2.638001919,2.484445575,0.177445653,,,
255025,2.474499702,2.645500422,2.495108814,0.020609112,,,
256036,2.436502934,2.658997297,2.505796336,0.069293402,,,
257049,2.505999804,2.6614995,2.516508148,0.010508344,,,
258064,2.479499102,2.673000574,2.527244255,0.047745153,,,
259081,2.437999725,2.688501835,2.538004663,0.100004938,,,
260100,2.438500166,2.70050168,2.548789379,0.110289213,,,
261121,2.43550086,2.698053837,2.559598409,0.124097549,,,
262144,2.489499331,2.716000557,2.57043176,0.080932429,,,
263169,2.546500206,2.727501392,2.581289436,0.03478923,,,
264196,2.478500128,2.738999844,2.592171445,0.113671317,,,
265225,2.460500717,2.747998714,2.603077792,0.142577075,,,
266256,2.420500278,2.761999846,2.614008484,0.193508206,,,
267289,2.492000818,2.774498224,2.624963527,0.132962709,,,
268324,2.636002064,2.791000128,2.635942927,-5.91E-05,,,
269361,2.464498997,2.795500994,2.646946689,0.182447692,,,
270400,2.536999941,2.802500486,2.65797482,0.120974879,,,
271441,2.643499374,2.817501068,2.669027326,0.025527952,,,
272484,2.558498621,2.82749939,2.680104214,0.121605593,,,
273529,2.531499863,2.84250021,2.691205488,0.159705625,,,
274576,2.603998899,2.850499868,2.702331156,0.098332257,,,
275625,2.593498468,2.858999968,2.713481222,0.119982754,,,
276676,2.59449935,2.878999472,2.724655694,0.130156344,,,
277729,2.587500095,2.878999233,2.735854576,0.148354481,,,
278784,2.680500507,2.893001318,2.747077876,0.066577369,,,
279841,2.741000652,2.906501055,2.758325598,0.017324946,,,
280900,2.671999931,2.908499956,2.76959775,0.097597819,,,
281961,2.633000135,2.959998369,2.780894336,0.147894201,,,
283024,2.649499893,2.962001562,2.792215364,0.142715471,,,
284089,2.770498753,2.970500231,2.803560838,0.033062085,,,
285156,2.76399684,2.994998932,2.814930764,0.050933924,,,
286225,2.772500515,3.014504671,2.826325149,0.053824634,,,
287296,2.708993435,3.004500389,2.837743999,0.128750564,,,
288369,2.861998558,3.018998623,2.849187318,-0.01281124,,,
289444,2.699499846,3.036001444,2.860655114,0.161155268,,,
290521,2.875499487,3.042499542,2.872147392,-0.003352095,,,
291600,2.919499636,3.066999912,2.883664157,-0.035835479,,,
292681,2.806498289,3.064505577,2.895205416,0.088707127,,,
293764,2.800998926,3.072504759,2.906771175,0.105772249,,,
294849,2.823000193,3.080995321,2.918361439,0.095361246,,,
295936,2.910505056,3.108001232,2.929976214,0.019471158,,,
297025,2.798999071,3.107501268,2.941615505,0.142616434,,,
298116,2.954498053,3.124999046,2.95327932,-0.001218733,,,
299209,2.769001245,3.144999027,2.964967663,0.195966418,,,
300304,2.990499973,3.154502153,2.976680539,-0.013819434,,,
301401,2.771999121,3.169000149,2.988417956,0.216418835,,,
302500,2.890001297,3.186999083,3.000179918,0.110178621,,,
303601,2.919499874,3.192505121,3.011966432,0.092466558,,,
304704,2.969998837,3.20250082,3.023777502,0.053778665,,,
305809,2.915999889,3.222499132,3.035613136,0.119613247,,,
306916,3.355001926,3.223499537,3.047473337,-0.307528589,,,
308025,3.030499935,3.238508701,3.059358113,0.028858178,,,
309136,2.92899847,3.249500513,3.071267469,0.142268999,,,
310249,3.140999556,3.256999254,3.08320141,-0.057798146,,,
311364,3.201501131,3.28000021,3.095159942,-0.106341189,,,
312481,3.008000374,3.277503967,3.10714307,0.099142696,,,
313600,2.960998535,3.302499771,3.119150802,0.158152267,,,
314721,3.14049983,3.31049943,3.131183141,-0.009316689,,,
315844,3.172502756,3.334998131,3.143240093,-0.029262663,,,
316969,3.109998465,3.337002039,3.155321665,0.0453232,,,
318096,3.03049469,3.362000704,3.167427861,0.136933171,,,
319225,3.093998432,3.353500128,3.179558688,0.085560256,,,
320356,3.133005381,3.383001566,3.191714151,0.05870877,,,
321489,3.05250001,3.38950181,3.203894255,0.151394245,,,
322624,3.102499008,3.402500153,3.216099006,0.113599998,,,
323761,3.189502478,3.407495975,3.22832841,0.038825932,,,
324900,3.239000797,3.456999779,3.240582472,0.001581675,,,
326041,3.275500059,3.434001446,3.252861197,-0.022638862,,,
327184,3.247007132,3.443993092,3.265164592,0.01815746,,,
328329,3.42750001,3.455998659,3.277492661,-0.150007349,,,
329476,3.217000246,3.47799921,3.28984541,0.072845164,,,
330625,3.237500906,3.483000755,3.302222845,0.064721939,,,
331776,3.198992252,3.501001358,3.314624971,0.115632719,,,
332929,3.18799901,3.507501125,3.327051793,0.139052783,,,
334084,3.256501436,3.532998085,3.339503317,0.083001881,,,
335241,3.335007906,3.51649189,3.351979549,0.016971643,,,
336400,3.370995045,3.584000349,3.364480493,-0.006514552,,,
337561,3.293498516,3.55100131,3.377006156,0.08350764,,,
338724,3.189998865,3.556000233,3.389556543,0.199557678,,,
339889,3.380997419,3.588998795,3.402131658,0.021134239,,,
341056,3.242000818,3.601004839,3.414731508,0.17273069,,,
342225,3.59050703,3.602494001,3.427356098,-0.163150932,,,
343396,3.342999697,3.602008581,3.440005433,0.097005736,,,
344569,3.296498775,3.631501198,3.452679519,0.156180744,,,
345744,3.559001684,3.641498566,3.465378361,-0.093623323,,,
346921,3.617001295,3.65350008,3.478101964,-0.138899331,,,
348100,3.547002077,3.680498362,3.490850334,-0.056151743,,,
349281,3.373500109,3.722501278,3.503623476,0.130123367,,,
350464,3.534999132,3.721010923,3.516421395,-0.018577737,,,
351649,3.56199789,3.722501993,3.529244097,-0.032753793,,,
352836,3.666498661,3.717501402,3.542091586,-0.124407075,,,
354025,3.518000841,3.739498615,3.554963869,0.036963028,,,
355216,3.370500803,3.766999483,3.567860951,0.197360148,,,
356409,3.594504833,3.763496637,3.580782836,-0.013721997,,,
357604,3.437999487,3.821005583,3.59372953,0.155730043,,,
358801,3.613999367,3.759510994,3.606701039,-0.007298328,,,
360000,3.722491503,3.802504063,3.619697367,-0.102794136,,,
361201,3.511997461,3.845498323,3.63271852,0.120721059,,,
362404,3.681503057,3.801497221,3.645764504,-0.035738553,,,
363609,3.475506544,3.850493431,3.658835322,0.183328778,,,
364816,3.65200758,3.867993593,3.671930981,0.019923401,,,
366025,3.521001101,3.874500275,3.685051486,0.164050385,,,
367236,3.728493214,3.873500109,3.698196842,-0.030296372,,,
368449,3.517999649,3.956000805,3.711367053,0.193367404,,,
369664,3.566498995,3.911499739,3.724562127,0.158063132,,,
370881,3.642501116,3.943497896,3.737782066,0.09528095,,,
372100,3.578008175,3.918991804,3.751026877,0.173018702,,,
373321,3.603500605,3.977999449,3.764296565,0.16079596,,,
374544,3.742000818,3.925500393,3.777591135,0.035590317,,,
375769,3.716001749,3.978497505,3.790910592,0.074908843,,,
376996,3.801499128,3.944000721,3.804254942,0.002755814,,,
378225,3.82999897,3.944000483,3.817624188,-0.012374782,,,
379456,3.576000929,3.963999987,3.831018338,0.255017409,,,
380689,3.792002439,3.971998453,3.844437394,0.052434955,,,
381924,3.617999554,4.068500042,3.857881364,0.23988181,,,
383161,3.662999868,4.033499718,3.871350251,0.208350383,,,
384400,3.651498079,4.011500597,3.884844061,0.233345982,,,
385641,3.990500927,4.02399826,3.898362798,-0.092138129,,,
386884,3.665999174,4.086000681,3.911906469,0.245907295,,,
388129,3.761000395,4.043499947,3.925475078,0.164474683,,,
389376,3.911002159,4.057498455,3.93906863,0.028066471,,,
390625,3.851500034,4.07199955,3.95268713,0.101187096,,,
391876,3.92799902,4.089001179,3.966330584,0.038331564,,,
393129,3.694999933,4.097499371,3.979998995,0.284999062,,,
394384,3.733998775,4.135500193,3.99369237,0.259693595,,,
395641,4.100499153,4.133001566,4.007410713,-0.09308844,,,
396900,3.84149909,4.150500298,4.021154029,0.179654939,,,
398161,3.897998571,4.188000202,4.034922323,0.136923752,,,
399424,3.861000061,4.181999207,4.048715601,0.18771554,,,
400689,4.039498568,4.196501017,4.062533866,0.023035298,,,
401956,3.902998686,4.203000784,4.076377125,0.173378439,,,
403225,3.863999367,4.217999458,4.090245382,0.226246015,,,
404496,3.963999748,4.25249958,4.104138642,0.140138894,,,
405769,3.96400094,4.241499901,4.11805691,0.15405597,,,
407044,4.000496387,4.241999626,4.132000191,0.131503804,,,
408321,4.008497953,4.288500071,4.14596849,0.137470537,,,
409600,4.025999784,4.266999483,4.159961812,0.133962028,,,
410881,4.073999882,4.296000957,4.173980161,0.099980279,,,
412164,4.053000212,4.305000305,4.188023543,0.135023331,,,
413449,4.245999575,4.317000151,4.202091963,-0.043907612,,,
414736,4.080498457,4.374000549,4.216185425,0.135686968,,,
416025,4.36749959,4.347999811,4.230303934,-0.137195656,,,
417316,3.99199748,4.366000891,4.244447496,0.252450016,,,
418609,4.109499931,4.370500565,4.258616114,0.149116183,,,
419904,4.24499917,4.387501001,4.272809795,0.027810625,,,
421201,4.152499914,4.412000418,4.287028542,0.134528628,,,
422500,4.262998819,4.409999847,4.301272361,0.038273542,,,
423801,4.196501493,4.420499325,4.315541256,0.119039763,,,
425104,4.161499977,4.436498642,4.329835233,0.168335256,,,
426409,4.085499525,4.45250082,4.344154296,0.258654771,,,
427716,4.086495638,4.468000174,4.35849845,0.272002812,,,
429025,4.10649991,4.48849988,4.372867699,0.266367789,,,
430336,4.409999371,4.505500793,4.387262049,-0.022737322,,,
431649,4.290498257,4.55050087,4.401681504,0.111183247,,,
432964,4.235000134,4.5224998,4.41612607,0.181125936,,,
434281,4.318999529,4.530500174,4.43059575,0.111596221,,,
435600,4.245000124,4.553499937,4.44509055,0.200090426,,,
436921,4.403000116,4.566000462,4.459610475,0.056610359,,,
438244,4.411499977,4.592000484,4.474155529,0.062655552,,,
439569,4.320498943,4.603500366,4.488725716,0.168226773,,,
440896,4.465000391,4.605501413,4.503321043,0.038320652,,,
442225,4.459500313,4.617999315,4.517941513,0.0584412,,,
443556,4.456499338,4.629500389,4.532587131,0.076087793,,,
444889,4.468500853,4.682997942,4.547257902,0.078757049,,,
446224,4.458499908,4.660000563,4.56195383,0.103453922,,,
447561,4.532498598,4.682501554,4.576674921,0.044176323,,,
448900,4.735500336,4.693499565,4.591421179,-0.144079157,,,
450241,4.500499487,4.719000816,4.606192609,0.105693122,,,
451584,4.475498915,4.728500366,4.620989215,0.1454903,,,
452929,4.530499458,4.734000444,4.635811002,0.105311544,,,
454276,4.418999195,4.764001369,4.650657975,0.23165878,,,
455625,4.492501736,4.75599885,4.665530139,0.173028403,,,
456976,4.649996281,4.769500017,4.680427497,0.030431216,,,
458329,4.725001097,4.793498993,4.695350055,-0.029651042,,,
459684,4.910497189,4.797000885,4.710297818,-0.200199371,,,
461041,4.890501499,4.821500301,4.72527079,-0.165230709,,,
462400,4.684999943,4.835000515,4.740268975,0.055269032,,,
463761,4.616999865,4.850001097,4.755292379,0.138292514,,,
465124,4.66299963,4.877500057,4.770341006,0.107341376,,,
466489,4.562999964,4.895499468,4.78541486,0.222414896,,,
467856,4.860498667,4.879000425,4.800513946,-0.059984721,,,
469225,4.735499144,4.90500021,4.815638269,0.080139125,,,
470596,4.647499084,4.911000967,4.830787834,0.18328875,,,
471969,4.832999468,4.925002098,4.845962644,0.012963176,,,
473344,4.818000555,4.949999809,4.861162705,0.04316215,,,
474721,4.765999079,4.978499651,4.876388021,0.110388942,,,
476100,4.747000933,4.982998848,4.891638596,0.144637663,,,
477481,5.042999506,4.991000175,4.906914436,-0.13608507,,,
478864,4.821998835,4.995000124,4.922215544,0.100216709,,,
480249,5.046000242,5.0189991,4.937541926,-0.108458316,,,
481636,4.677498102,5.027000904,4.952893586,0.275395484,,,
483025,5.104498863,5.034000397,4.968270527,-0.136228336,,,
484416,4.894498348,5.065500021,4.983672756,0.089174408,,,
485809,4.951500416,5.061501026,4.999100277,0.047599861,,,
487204,4.871999502,5.100000858,5.014553093,0.142553591,,,
488601,5.237001419,5.111998081,5.030031209,-0.20697021,,,
490000,5.297998905,5.122500896,5.045534631,-0.252464274,,,
491401,5.192998409,5.134000063,5.061063362,-0.131935047,,,
492804,5.042997122,5.144001245,5.076617407,0.033620285,,,
494209,4.748999357,5.167500019,5.09219677,0.343197413,,,
495616,5.141000032,5.179500103,5.107801456,-0.033198576,,,
497025,4.943501711,5.187497854,5.12343147,0.179929759,,,
498436,5.050498962,5.20100069,5.139086815,0.088587853,,,
499849,5.066999435,5.210999966,5.154767497,0.087768062,,,
501264,5.071499348,5.233499527,5.170473519,0.098974171,,,
502681,5.113499641,5.257001162,5.186204886,0.072705245,,,
504100,5.027999878,5.255001068,5.201961603,0.173961725,,,
505521,5.085000515,5.267999172,5.217743674,0.132743159,,,
506944,4.97549963,5.284499407,5.233551104,0.258051474,,,
508369,5.422501802,5.296498299,5.249383896,-0.173117906,,,
509796,5.177999973,5.309500217,5.265242056,0.087242083,,,
511225,5.051000595,5.329998493,5.281125587,0.230124992,,,
512656,5.389500618,5.344999313,5.297034494,-0.092466124,,,
514089,5.129998446,5.359000444,5.312968782,0.182970336,,,
515524,5.014499187,5.37200141,5.328928455,0.314429268,,,
516961,5.316501141,5.383500099,5.344913517,0.028412376,,,
518400,5.111498594,5.39000082,5.360923973,0.249425379,,,
519841,5.162499666,5.409000635,5.376959826,0.21446016,,,
521284,5.278498888,5.427500725,5.393021082,0.114522194,,,
522729,5.367499828,5.425002337,5.409107745,0.041607917,,,
524176,5.315495491,5.436001539,5.425219818,0.109724327,,,
525625,5.440000057,5.475501537,5.441357307,0.00135725,,,
527076,5.32799983,5.486000299,5.457520216,0.129520386,,,
528529,5.196999788,5.506000519,5.473708549,0.276708761,,,
529984,5.664999962,5.522500038,5.48992231,-0.175077652,,,
531441,5.443499804,5.53600049,5.506161504,0.0626617,,,
532900,5.539501667,5.54599762,5.522426135,-0.017075532,,,
534361,5.602000952,5.57099843,5.538716208,-0.063284744,,,
535824,5.513999701,5.585999727,5.555031726,0.041032025,,,
537289,5.493002176,5.609497786,5.571372694,0.078370518,,,
538756,5.427499771,5.622000456,5.587739116,0.160239345,,,
540225,5.498999596,5.63650012,5.604130997,0.105131401,,,
541696,5.382999897,5.647500753,5.62054834,0.237548443,,,
543169,5.614499331,5.666501045,5.636991151,0.02249182,,,
544644,5.680998564,5.671000719,5.653459433,-0.027539131,,,
546121,5.385500431,5.695498943,5.669953191,0.28445276,,,
547600,5.632999659,5.694000006,5.686472428,0.053472769,,,
549081,5.529498816,5.725999117,5.70301715,0.173518334,,,
550564,5.726497412,5.740500927,5.71958736,-0.006910052,,,
552049,5.544500828,5.780498981,5.736183062,0.191682234,,,
553536,5.83399868,5.765000582,5.752804261,-0.081194419,,,
555025,5.76999855,5.783000946,5.769450962,-0.000547588,,,
556516,5.871501446,5.800999641,5.786123168,-0.085378278,,,
558009,5.587998867,5.813000679,5.802820883,0.214822016,,,
559504,5.812498569,5.852501869,5.819544112,0.007045543,,,
561001,5.830501556,5.848997831,5.836292859,0.005791303,,,
562500,5.733499289,5.86050272,5.853067128,0.119567839,,,
564001,5.987497807,5.880000591,5.869866923,-0.117630884,,,
565504,6.10449934,5.886499882,5.886692249,-0.217807091,,,
567009,5.639498949,5.897499561,5.903543109,0.26404416,,,
568516,5.676501036,5.916999102,5.920419509,0.243918473,,,
570025,5.910499811,5.921000242,5.937321451,0.02682164,,,
571536,5.669999123,5.944499731,5.954248941,0.284249818,,,
573049,5.785498619,5.953501225,5.971201982,0.185703363,,,
574564,6.181999922,5.983501434,5.988180578,-0.193819344,,,
576081,5.723000765,5.996998549,6.005184734,0.282183969,,,
577600,5.977499247,6.019500494,6.022214454,0.044715207,,,
579121,6.080000162,6.029500723,6.039269742,-0.04073042,,,
580644,5.781499386,6.056000233,6.056350602,0.274851216,,,
582169,5.959999084,6.051000118,6.073457038,0.113457954,,,
583696,6.264999151,6.084500551,6.090589055,-0.174410096,,,
585225,5.917499542,6.092000008,6.107746656,0.190247114,,,
586756,6.044001341,6.093498707,6.124929846,0.080928505,,,
588289,5.98050046,6.099999905,6.142138628,0.161638168,,,
589824,6.389000177,6.133500099,6.159373007,-0.22962717,,,
591361,5.966501236,6.155498743,6.176632987,0.210131751,,,
592900,6.028499603,6.164999962,6.193918572,0.165418969,,,
594441,5.946497202,6.185502291,6.211229765,0.264732563,,,
595984,6.163501501,6.225498676,6.228566573,0.065065072,,,
597529,6.184999228,6.207001448,6.245928997,0.060929769,,,
599076,6.147999287,6.272001028,6.263317042,0.115317755,,,
600625,6.300500154,6.283500433,6.280730713,-0.019769441,,,
602176,6.288498878,6.304501295,6.298170013,0.009671135,,,
603729,6.01350069,6.31849885,6.315634947,0.302134257,,,
605284,6.418498039,6.336000443,6.333125518,-0.085372521,,,
606841,6.503499985,6.342000484,6.350641731,-0.152858254,,,
608400,6.118499279,6.369500875,6.368183589,0.24968431,,,
609961,6.406498909,6.388000965,6.385751097,-0.020747812,,,
611524,6.780002832,6.389996767,6.403344259,-0.376658573,,,
613089,6.339499235,6.427499533,6.420963078,0.081463843,,,
614656,6.406001329,6.454998255,6.438607559,0.03260623,,,
616225,6.259998322,6.467001677,6.456277705,0.196279383,,,
617796,6.557998657,6.471001148,6.473973521,-0.084025136,,,
619369,6.44299984,6.463000059,6.491695011,0.048695171,,,
620944,6.571499109,6.526000738,6.509442179,-0.06205693,,,
622521,6.36000061,6.503499985,6.527215028,0.167214418,,,
624100,6.600498915,6.542001009,6.545013563,-0.055485352,,,
625681,6.348500013,6.568500042,6.562837788,0.214337775,,,
627264,6.375501394,6.563498497,6.580687706,0.205186312,,,
628849,6.552499294,6.571502447,6.598563322,0.046064028,,,
630436,6.702999592,6.613500118,6.61646464,-0.086534952,,,
632025,6.536997318,6.818000078,6.634391663,0.097394345,,,
633616,6.829499722,6.629499674,6.652344395,-0.177155327,,,
635209,6.692999125,6.669501066,6.670322841,-0.022676284,,,
636804,6.591501951,6.655498028,6.688327004,0.096825053,,,
638401,6.748999357,6.680501223,6.706356889,-0.042642468,,,
640000,6.399499893,6.743499517,6.724412499,0.324912606,,,
641601,6.607999086,6.708000183,6.742493838,0.134494752,,,
643204,6.572999239,6.799500704,6.76060091,0.187601671,,,
644809,6.72650075,6.75749898,6.77873372,0.05223297,,,
646416,6.682499886,6.764500141,6.79689227,0.114392384,,,
648025,6.798002005,6.819998026,6.815076565,0.01707456,,,
649636,7.152000904,6.819499493,6.833286609,-0.318714295,,,
651249,6.759500742,6.81899929,6.851522405,0.092021663,,,
652864,6.587002039,6.866998434,6.869783959,0.28278192,,,
654481,7.051501751,6.835998297,6.888071272,-0.163430479,,,
656100,6.786499262,6.861999989,6.90638435,0.119885088,,,
657721,6.921000957,6.880999088,6.924723197,0.00372224,,,
659344,6.765501738,6.902499199,6.943087815,0.177586077,,,
660969,6.941999674,6.935501575,6.961478209,0.019478535,,,
662596,7.592000484,6.958998919,6.979894384,-0.6121061,,,
664225,6.794998884,7.010002375,6.998336342,0.203337458,,,
665856,6.952499628,6.978500366,7.016804087,0.064304459,,,
667489,6.970500708,7.012999058,7.035297624,0.064796916,,,
669124,7.106499434,7.020500898,7.053816957,-0.052682477,,,
670761,7.451499224,7.023000717,7.072362088,-0.379137136,,,
672400,7.053000212,7.078498602,7.090933023,0.037932811,,,
674041,7.021499395,7.08300066,7.109529764,0.088030369,,,
675684,7.127498865,7.078500271,7.128152316,0.000653451,,,
677329,6.858500242,7.083000183,7.146800683,0.288300441,,,
678976,7.055499554,7.194000721,7.165474867,0.109975313,,,
680625,6.977502346,7.131498814,7.184174874,0.206672528,,,
682276,6.879499197,7.149500132,7.202900707,0.32340151,,,
683929,7.164499283,7.181001425,7.22165237,0.057153087,,,
685584,7.40599966,7.254499674,7.240429866,-0.165569794,,,
687241,7.338999748,7.213000774,7.259233199,-0.079766549,,,
688900,7.596001625,7.223998785,7.278062374,-0.317939251,,,
690561,7.311499834,7.239000082,7.296917393,-0.014582441,,,
692224,7.338499784,7.278499603,7.315798261,-0.022701523,,,
693889,7.262499809,7.294500113,7.334704982,0.072205173,,,
695556,7.312500238,7.4150002,7.353637559,0.041137321,,,
697225,7.463499546,7.318501234,7.372595996,-0.09090355,,,
698896,7.5295012,7.429999828,7.391580297,-0.137920903,,,
700569,7.589000463,7.329499483,7.410590465,-0.178409998,,,
702244,7.356498241,7.521000147,7.429626505,0.073128264,,,
703921,7.652999163,7.413501263,7.44868842,-0.204310743,,,
705600,7.402499437,7.479000807,7.467776213,0.065276776,,,
707281,7.633999586,7.384500504,7.48688989,-0.147109696,,,
708964,7.446500063,7.508999586,7.506029452,0.059529389,,,
710649,7.616999149,7.438500166,7.525194905,-0.091804244,,,
712336,7.681998968,7.90850091,7.544386251,-0.137612717,,,
714025,7.72549963,7.593500614,7.563603495,-0.161896135,,,
715716,7.513000488,7.580999374,7.58284664,0.069846152,,,
717409,7.576498747,7.539500237,7.60211569,0.025616943,,,
719104,7.506999016,7.57750082,7.621410649,0.114411633,,,
720801,7.601999521,7.766501427,7.64073152,0.038731999,,,
722500,7.531501055,7.88149929,7.660078307,0.128577252,,,
724201,7.377001524,7.572999954,7.679451014,0.30244949,,,
725904,8.17249918,7.643000603,7.698849644,-0.473649536,,,
727609,7.678999424,7.811500549,7.718274202,0.039274778,,,
729316,7.926999331,7.640047789,7.73772469,-0.189274641,,,
731025,7.621500015,7.691000938,7.757201113,0.135701098,,,
732736,7.558998823,7.693001032,7.776703475,0.217704652,,,
734449,7.731500387,7.751499653,7.796231778,0.064731391,,,
736164,7.455499649,7.879499912,7.815786026,0.360286377,,,
737881,7.658501863,7.78249836,7.835366224,0.176864361,,,
739600,8.272999287,7.939500809,7.854972375,-0.418026912,,,
741321,7.926501751,7.788001537,7.874604482,-0.051897269,,,
743044,8.125998974,7.801000357,7.89426255,-0.231736424,,,
744769,8.299499989,7.829500675,7.913946581,-0.385553408,,,
746496,8.46449995,7.851999998,7.93365658,-0.53084337,,,
748225,8.018499613,7.853501558,7.95339255,-0.065107063,,,
749956,8.231499434,7.896999598,7.973154495,-0.258344939,,,
751689,7.821999788,7.883500814,7.992942418,0.17094263,,,
753424,8.036001205,8.102998972,8.012756323,-0.023244882,,,
755161,8.02799964,7.917000532,8.032596214,0.004596574,,,
756900,8.502500057,7.937500954,8.052462094,-0.450037963,,,
758641,8.228498936,7.953000546,8.072353967,-0.156144969,,,
760384,8.090999603,7.94250083,8.092271836,0.001272233,,,
762129,7.898999691,7.977500439,8.112215706,0.213216015,,,
763876,8.332000017,8.119000435,8.132185579,-0.199814438,,,
765625,7.940500975,8.016499758,8.15218146,0.211680485,,,
767376,8.526999235,8.236499548,8.172203352,-0.354795883,,,
769129,8.137500048,8.058001518,8.192251258,0.05475121,,,
770884,8.452500582,8.105998993,8.212325182,-0.2401754,,,
772641,8.33199954,8.111999989,8.232425127,-0.099574413,,,
774400,8.282999992,8.100500107,8.252551098,-0.030448894,,,
776161,8.247999907,8.121000528,8.272703098,0.024703191,,,
777924,8.13499999,8.20050168,8.292881131,0.157881141,,,
779689,8.355002403,8.248998642,8.313085199,-0.041917204,,,
781456,8.45249939,8.336500645,8.333315306,-0.119184084,,,
783225,8.279999018,8.216500998,8.353571457,0.073572439,,,
784996,8.330499649,8.507001162,8.373853654,0.043354005,,,
786769,8.39000082,8.320501804,8.394161902,0.004161082,,,
788544,8.214499712,8.247501135,8.414496203,0.199996491,,,
790321,8.373499393,8.408000231,8.434856562,0.061357169,,,
792100,8.688001633,8.405997992,8.455242981,-0.232758652,,,
793881,8.876002073,8.518497467,8.475655465,-0.400346608,,,
795664,8.955000639,8.649499893,8.496094016,-0.458906623,,,
797449,9.160999298,8.524500132,8.516558639,-0.644440659,,,
799236,8.359499216,8.470000505,8.537049337,0.177550121,,,
801025,8.789499998,8.452500105,8.557566114,-0.231933884,,,
802816,8.880999327,8.532001019,8.578108972,-0.302890355,,,
804609,8.548999548,8.515500784,8.598677916,0.049678368,,,
806404,8.523999214,8.680000782,8.619272948,0.095273734,,,
808201,8.947999954,8.487000704,8.639894073,-0.308105881,,,
810000,8.690001249,8.665498495,8.660541294,-0.029459955,,,
811801,8.549501419,8.517498255,8.681214615,0.131713196,,,
813604,8.525000811,8.703999281,8.701914039,0.176913228,,,
815409,9.391000032,8.6875,8.722639569,-0.668360463,,,
817216,8.536998987,8.730500698,8.743391208,0.206392221,,,
819025,8.573999643,8.596000433,8.764168962,0.190169319,,,
820836,8.75649929,8.604999781,8.784972832,0.028473542,,,
822649,8.94049859,8.638001204,8.805802822,-0.134695768,,,
824464,8.924499273,8.660001278,8.826658937,-0.097840336,,,
826281,9.217000008,8.67650032,8.847541178,-0.36945883,,,
828100,8.745001554,8.735997677,8.868449551,0.123447997,,,
829921,9.320500374,8.711499691,8.889384057,-0.431116317,,,
831744,9.250498772,8.722500563,8.910344701,-0.340154071,,,
833569,9.235499382,8.739500284,8.931331487,-0.304167895,,,
835396,8.96500206,8.797997236,8.952344417,-0.012657643,,,
837225,9.376498938,8.770500422,8.973383494,-0.403115444,,,
839056,8.606499434,8.840000868,8.994448724,0.38794929,,,
840889,9.085501909,8.826997995,9.015540108,-0.069961801,,,
842724,9.275000811,8.833498716,9.03665765,-0.238343161,,,
844561,9.37300086,8.907999277,9.057801354,-0.315199506,,,
846400,8.87200141,8.880499601,9.078971224,0.206969814,,,
848241,9.622000933,8.895499945,9.100167261,-0.521833672,,,
850084,9.053500891,8.920000315,9.121389471,0.06788858,,,
851929,9.452999353,8.931500673,9.142637856,-0.310361497,,,
853776,9.554501057,8.946999788,9.16391242,-0.390588637,,,
855625,9.22349906,8.947000265,9.185213167,-0.038285893,,,
857476,8.88449955,9.067000389,9.206540098,0.322040548,,,
859329,9.243498802,9.045001507,9.227893219,-0.015605583,,,
861184,9.215001822,9.032497644,9.249272532,0.03427071,,,
863041,8.983501196,9.075499535,9.270678041,0.287176845,,,
864900,9.267999411,9.121999979,9.292109749,0.024110338,,,
866761,9.063498974,9.081000328,9.31356766,0.250068686,,,
868624,9.393001556,9.120999575,9.335051776,-0.05794978,,,
870489,9.766498327,9.139500141,9.356562102,-0.409936225,,,
872356,9.451999903,9.189000845,9.37809864,-0.073901263,,,
874225,9.382499695,9.159500837,9.399661395,0.0171617,,,
876096,9.453999519,9.197500944,9.421250369,-0.03274915,,,
877969,9.436001301,9.213998318,9.442865565,0.006864264,,,
879844,9.369499207,9.222001314,9.464506988,0.095007781,,,
881721,9.624000549,9.231998682,9.48617464,-0.137825909,,,
883600,9.782499552,9.256002188,9.507868525,-0.274631027,,,
885481,9.643499136,9.291500568,9.529588647,-0.113910489,,,
887364,10.00799942,9.298001051,9.551335007,-0.456664413,,,
889249,9.544000626,9.316499472,9.573107611,0.029106985,,,
891136,9.623499155,9.348001003,9.594906461,-0.028592694,,,
893025,10.07000017,9.362500191,9.61673156,-0.45326861,,,
894916,9.678500175,9.395000219,9.638582912,-0.039917263,,,
896809,9.701999664,9.373500586,9.66046052,-0.041539144,,,
898704,9.890501499,9.444499493,9.682364388,-0.208137111,,,
900601,10.0390017,9.449498892,9.704294519,-0.334707181,,,
902500,10.00300169,9.462999344,9.726250915,-0.276750775,,,
904401,9.837001085,9.482500076,9.748233581,-0.088767504,,,
906304,10.13100052,9.521498203,9.77024252,-0.360758,,,
908209,9.449999809,9.541500568,9.792277735,0.342277926,,,
910116,9.861499548,9.546000957,9.814339229,-0.047160319,,,
912025,9.645999193,9.563501358,9.836427006,0.190427813,,,
913936,9.523999929,9.616001129,9.858541069,0.33454114,,,
915849,9.900998831,9.605501413,9.880681421,-0.02031741,,,
917764,9.613999128,9.628000498,9.902848065,0.288848937,,,
919681,10.46400046,9.655500174,9.925041005,-0.538959455,,,
921600,9.752499342,9.667500257,9.947260245,0.194760903,,,
923521,9.82049942,9.698500395,9.969505787,0.149006367,,,
925444,9.727001667,9.738998413,9.991777634,0.264775967,,,
927369,10.24900007,9.760501385,10.01407579,-0.23492428,,,
929296,10.49499917,9.762500525,10.03640026,-0.458598912,,,
931225,10.37400007,9.805500031,10.05875104,-0.315249028,,,
933156,9.898001432,9.799499273,10.08112814,0.183126713,,,
935089,10.39750004,9.820500135,10.10353157,-0.293968471,,,
937024,10.01849937,9.832499981,10.12596132,0.107461949,,,
938961,10.16150093,9.881500006,10.1484174,-0.013083533,,,
940900,10.02199936,9.916000366,10.17089981,0.148900446,,,
942841,10.72199965,9.892999887,10.19340855,-0.528591099,,,
944784,11.02549982,9.92800045,10.21594363,-0.809556186,,,
946729,10.34249973,9.924500704,10.23850506,-0.103994672,,,
948676,10.11599994,9.946500063,10.26109283,0.145092887,,,
950625,10.45750117,9.96649909,10.28370694,-0.173794227,,,
952576,10.76700068,9.996498585,10.30634741,-0.460653269,,,
954529,10.43400002,10.00950074,10.32901423,-0.104985787,,,
956484,10.30799961,10.04350042,10.35170741,0.043707803,,,
958441,10.22499919,10.03750038,10.37442695,0.149427763,,,
960400,11.30000234,10.08599806,10.39717286,-0.902829483,,,
962361,10.23650098,10.09399962,10.41994513,0.183444149,,,
964324,10.34249902,10.14050174,10.44274377,0.10024475,,,
966289,11.12550116,10.13999915,10.46556879,-0.659932374,,,
968256,10.22850084,10.14499974,10.48842018,0.259919338,,,
970225,10.71499968,10.19349957,10.51129795,-0.20370173,,,
972196,10.9079988,10.19250035,10.53420211,-0.373796695,,,
974169,10.42299986,10.21750045,10.55713265,0.134132787,,,
976144,10.50549889,10.23000073,10.58008958,0.074590688,,,
978121,10.3484993,10.22950101,10.6030729,0.254573602,,,
980100,11.02899933,10.26400113,10.62608262,-0.402916708,,,
982081,10.79699969,10.27550054,10.64911874,-0.147880949,,,
984064,11.3440001,10.29750037,10.67218126,-0.671818838,,,
986049,10.5559988,10.33700109,10.69527019,0.139271388,,,
988036,11.14599967,10.35850024,10.71838552,-0.427614146,,,
990025,10.75850248,10.38299775,10.74152727,-0.01697521,,,
992016,10.60950136,10.39149785,10.76469543,0.155194072,,,
994009,10.73899937,10.41250038,10.78789001,0.048890642,,,
996004,10.53700185,10.42899966,10.81111101,0.274109163,,,
998001,10.80800056,10.46499991,10.83435844,0.026357879,,,
